lead_id,platform,username,bio_keyword,niche,profile_url,scanned_at
RECON_1773661623_0,X,Pro_Soccer_Coach_0,Soccer Coach,Biomechanics,https://x.com/profile_0,2026-03-16 14:47:03.615490
RECON_1773661623_1,Instagram,Pro_Soccer_Coach_1,Soccer Coach,Injury Prevention,https://instagram.com/profile_1,2026-03-16 14:47:03.615696
RECON_1773661623_2,Instagram,Pro_Soccer_Coach_2,Soccer Coach,Fast Twitch,https://instagram.com/profile_2,2026-03-16 14:47:03.615727
RECON_1773661623_3,LinkedIn,Pro_Sprinting_3,Sprinting,Fast Twitch,https://linkedin.com/profile_3,2026-03-16 14:47:03.615747
RECON_1773661623_4,X,Pro_Sprinting_4,Sprinting,Fast Twitch,https://x.com/profile_4,2026-03-16 14:47:03.615766
RECON_1773661623_5,LinkedIn,Pro_Sprinting_5,Sprinting,Fast Twitch,https://linkedin.com/profile_5,2026-03-16 14:47:03.615784
RECON_1773661623_6,Instagram,Pro_Soccer_Coach_6,Soccer Coach,Biomechanics,https://instagram.com/profile_6,2026-03-16 14:47:03.615856
RECON_1773661623_7,LinkedIn,Pro_Sprinting_7,Sprinting,Biomechanics,https://linkedin.com/profile_7,2026-03-16 14:47:03.615880
RECON_1773661623_8,X,Pro_Sprinting_8,Sprinting,Biomechanics,https://x.com/profile_8,2026-03-16 14:47:03.615898
RECON_1773661623_9,LinkedIn,Pro_Soccer_Coach_9,Soccer Coach,Injury Prevention,https://linkedin.com/profile_9,2026-03-16 14:47:03.615918
RECON_1773661623_10,LinkedIn,Pro_Soccer_Coach_10,Soccer Coach,Fast Twitch,https://linkedin.com/profile_10,2026-03-16 14:47:03.615936
RECON_1773661623_11,Instagram,Pro_Sprinting_11,Sprinting,Biomechanics,https://instagram.com/profile_11,2026-03-16 14:47:03.615953
RECON_1773661623_12,LinkedIn,Pro_Track_Athlete_12,Track Athlete,Fast Twitch,https://linkedin.com/profile_12,2026-03-16 14:47:03.615972
RECON_1773661623_13,X,Pro_Soccer_Coach_13,Soccer Coach,Injury Prevention,https://x.com/profile_13,2026-03-16 14:47:03.615991
RECON_1773661623_14,LinkedIn,Pro_Soccer_Coach_14,Soccer Coach,Biomechanics,https://linkedin.com/profile_14,2026-03-16 14:47:03.616009
RECON_1773661623_15,Instagram,Pro_Track_Athlete_15,Track Athlete,Biomechanics,https://instagram.com/profile_15,2026-03-16 14:47:03.616028
RECON_1773661623_16,X,Pro_Soccer_Coach_16,Soccer Coach,Acceleration,https://x.com/profile_16,2026-03-16 14:47:03.616047
RECON_1773661623_17,Instagram,Pro_Track_Athlete_17,Track Athlete,Fast Twitch,https://instagram.com/profile_17,2026-03-16 14:47:03.616066
RECON_1773661623_18,LinkedIn,Pro_Sprinting_18,Sprinting,Fast Twitch,https://linkedin.com/profile_18,2026-03-16 14:47:03.616085
RECON_1773661623_19,LinkedIn,Pro_Sprinting_19,Sprinting,Acceleration,https://linkedin.com/profile_19,2026-03-16 14:47:03.616239
RECON_1773661623_20,Instagram,Pro_Sprinting_20,Sprinting,Biomechanics,https://instagram.com/profile_20,2026-03-16 14:47:03.616260
RECON_1773661623_21,Instagram,Pro_Sprinting_21,Sprinting,Injury Prevention,https://instagram.com/profile_21,2026-03-16 14:47:03.616279
RECON_1773661623_22,Instagram,Pro_Sprinting_22,Sprinting,Acceleration,https://instagram.com/profile_22,2026-03-16 14:47:03.616297
RECON_1773661623_23,X,Pro_Soccer_Coach_23,Soccer Coach,Injury Prevention,https://x.com/profile_23,2026-03-16 14:47:03.616315
RECON_1773661623_24,Instagram,Pro_Soccer_Coach_24,Soccer Coach,Biomechanics,https://instagram.com/profile_24,2026-03-16 14:47:03.616330
RECON_1773661623_25,Instagram,Pro_Track_Athlete_25,Track Athlete,Injury Prevention,https://instagram.com/profile_25,2026-03-16 14:47:03.616354
RECON_1773661623_26,X,Pro_Track_Athlete_26,Track Athlete,Fast Twitch,https://x.com/profile_26,2026-03-16 14:47:03.616470
RECON_1773661623_27,LinkedIn,Pro_Track_Athlete_27,Track Athlete,Fast Twitch,https://linkedin.com/profile_27,2026-03-16 14:47:03.616492
RECON_1773661623_28,LinkedIn,Pro_Sprinting_28,Sprinting,Acceleration,https://linkedin.com/profile_28,2026-03-16 14:47:03.616510
RECON_1773661623_29,LinkedIn,Pro_Soccer_Coach_29,Soccer Coach,Injury Prevention,https://linkedin.com/profile_29,2026-03-16 14:47:03.616564
RECON_1773661623_30,LinkedIn,Pro_Sprinting_30,Sprinting,Fast Twitch,https://linkedin.com/profile_30,2026-03-16 14:47:03.616587
RECON_1773661623_31,X,Pro_Sprinting_31,Sprinting,Injury Prevention,https://x.com/profile_31,2026-03-16 14:47:03.616626
RECON_1773661623_32,Instagram,Pro_Track_Athlete_32,Track Athlete,Acceleration,https://instagram.com/profile_32,2026-03-16 14:47:03.616644
RECON_1773661623_33,X,Pro_Track_Athlete_33,Track Athlete,Injury Prevention,https://x.com/profile_33,2026-03-16 14:47:03.616691
RECON_1773661623_34,X,Pro_Track_Athlete_34,Track Athlete,Fast Twitch,https://x.com/profile_34,2026-03-16 14:47:03.616714
RECON_1773661623_35,Instagram,Pro_Track_Athlete_35,Track Athlete,Biomechanics,https://instagram.com/profile_35,2026-03-16 14:47:03.616731
RECON_1773661623_36,X,Pro_Track_Athlete_36,Track Athlete,Injury Prevention,https://x.com/profile_36,2026-03-16 14:47:03.616748
RECON_1773661623_37,Instagram,Pro_Soccer_Coach_37,Soccer Coach,Biomechanics,https://instagram.com/profile_37,2026-03-16 14:47:03.616766
RECON_1773661623_38,X,Pro_Soccer_Coach_38,Soccer Coach,Biomechanics,https://x.com/profile_38,2026-03-16 14:47:03.616791
RECON_1773661623_39,LinkedIn,Pro_Soccer_Coach_39,Soccer Coach,Injury Prevention,https://linkedin.com/profile_39,2026-03-16 14:47:03.616810
RECON_1773661623_40,Instagram,Pro_Track_Athlete_40,Track Athlete,Injury Prevention,https://instagram.com/profile_40,2026-03-16 14:47:03.616828
RECON_1773661623_41,Instagram,Pro_Track_Athlete_41,Track Athlete,Injury Prevention,https://instagram.com/profile_41,2026-03-16 14:47:03.616847
RECON_1773661623_42,LinkedIn,Pro_Soccer_Coach_42,Soccer Coach,Fast Twitch,https://linkedin.com/profile_42,2026-03-16 14:47:03.616865
RECON_1773661623_43,LinkedIn,Pro_Soccer_Coach_43,Soccer Coach,Acceleration,https://linkedin.com/profile_43,2026-03-16 14:47:03.616883
RECON_1773661623_44,LinkedIn,Pro_Sprinting_44,Sprinting,Acceleration,https://linkedin.com/profile_44,2026-03-16 14:47:03.616901
RECON_1773661623_45,X,Pro_Sprinting_45,Sprinting,Acceleration,https://x.com/profile_45,2026-03-16 14:47:03.616919
RECON_1773661623_46,LinkedIn,Pro_Track_Athlete_46,Track Athlete,Acceleration,https://linkedin.com/profile_46,2026-03-16 14:47:03.616943
RECON_1773661623_47,LinkedIn,Pro_Track_Athlete_47,Track Athlete,Biomechanics,https://linkedin.com/profile_47,2026-03-16 14:47:03.616963
RECON_1773661623_48,X,Pro_Soccer_Coach_48,Soccer Coach,Acceleration,https://x.com/profile_48,2026-03-16 14:47:03.616982
RECON_1773661623_49,X,Pro_Sprinting_49,Sprinting,Fast Twitch,https://x.com/profile_49,2026-03-16 14:47:03.617001
RECON_1773661623_50,LinkedIn,Pro_Soccer_Coach_50,Soccer Coach,Biomechanics,https://linkedin.com/profile_50,2026-03-16 14:47:03.617049
RECON_1773661623_51,Instagram,Pro_Track_Athlete_51,Track Athlete,Acceleration,https://instagram.com/profile_51,2026-03-16 14:47:03.617090
RECON_1773661623_52,Instagram,Pro_Sprinting_52,Sprinting,Injury Prevention,https://instagram.com/profile_52,2026-03-16 14:47:03.617110
RECON_1773661623_53,LinkedIn,Pro_Soccer_Coach_53,Soccer Coach,Biomechanics,https://linkedin.com/profile_53,2026-03-16 14:47:03.617128
RECON_1773661623_54,X,Pro_Soccer_Coach_54,Soccer Coach,Acceleration,https://x.com/profile_54,2026-03-16 14:47:03.617146
RECON_1773661623_55,X,Pro_Soccer_Coach_55,Soccer Coach,Injury Prevention,https://x.com/profile_55,2026-03-16 14:47:03.617245
RECON_1773661623_56,LinkedIn,Pro_Track_Athlete_56,Track Athlete,Acceleration,https://linkedin.com/profile_56,2026-03-16 14:47:03.617268
RECON_1773661623_57,Instagram,Pro_Soccer_Coach_57,Soccer Coach,Injury Prevention,https://instagram.com/profile_57,2026-03-16 14:47:03.617287
RECON_1773661623_58,LinkedIn,Pro_Sprinting_58,Sprinting,Injury Prevention,https://linkedin.com/profile_58,2026-03-16 14:47:03.617307
RECON_1773661623_59,X,Pro_Track_Athlete_59,Track Athlete,Acceleration,https://x.com/profile_59,2026-03-16 14:47:03.617325
RECON_1773661623_60,X,Pro_Track_Athlete_60,Track Athlete,Fast Twitch,https://x.com/profile_60,2026-03-16 14:47:03.617350
RECON_1773661623_61,Instagram,Pro_Sprinting_61,Sprinting,Injury Prevention,https://instagram.com/profile_61,2026-03-16 14:47:03.617399
RECON_1773661623_62,Instagram,Pro_Sprinting_62,Sprinting,Biomechanics,https://instagram.com/profile_62,2026-03-16 14:47:03.617434
RECON_1773661623_63,X,Pro_Soccer_Coach_63,Soccer Coach,Fast Twitch,https://x.com/profile_63,2026-03-16 14:47:03.617455
RECON_1773661623_64,X,Pro_Sprinting_64,Sprinting,Injury Prevention,https://x.com/profile_64,2026-03-16 14:47:03.617481
RECON_1773661623_65,LinkedIn,Pro_Sprinting_65,Sprinting,Biomechanics,https://linkedin.com/profile_65,2026-03-16 14:47:03.617504
RECON_1773661623_66,X,Pro_Soccer_Coach_66,Soccer Coach,Acceleration,https://x.com/profile_66,2026-03-16 14:47:03.617523
RECON_1773661623_67,Instagram,Pro_Track_Athlete_67,Track Athlete,Fast Twitch,https://instagram.com/profile_67,2026-03-16 14:47:03.617542
RECON_1773661623_68,Instagram,Pro_Track_Athlete_68,Track Athlete,Biomechanics,https://instagram.com/profile_68,2026-03-16 14:47:03.617561
RECON_1773661623_69,LinkedIn,Pro_Soccer_Coach_69,Soccer Coach,Injury Prevention,https://linkedin.com/profile_69,2026-03-16 14:47:03.617602
RECON_1773661623_70,Instagram,Pro_Soccer_Coach_70,Soccer Coach,Acceleration,https://instagram.com/profile_70,2026-03-16 14:47:03.617635
RECON_1773661623_71,Instagram,Pro_Track_Athlete_71,Track Athlete,Biomechanics,https://instagram.com/profile_71,2026-03-16 14:47:03.617656
RECON_1773661623_72,LinkedIn,Pro_Soccer_Coach_72,Soccer Coach,Fast Twitch,https://linkedin.com/profile_72,2026-03-16 14:47:03.617676
RECON_1773661623_73,X,Pro_Soccer_Coach_73,Soccer Coach,Injury Prevention,https://x.com/profile_73,2026-03-16 14:47:03.617696
RECON_1773661623_74,Instagram,Pro_Soccer_Coach_74,Soccer Coach,Injury Prevention,https://instagram.com/profile_74,2026-03-16 14:47:03.617724
RECON_1773661623_75,X,Pro_Sprinting_75,Sprinting,Injury Prevention,https://x.com/profile_75,2026-03-16 14:47:03.617744
RECON_1773661623_76,LinkedIn,Pro_Track_Athlete_76,Track Athlete,Injury Prevention,https://linkedin.com/profile_76,2026-03-16 14:47:03.617763
RECON_1773661623_77,X,Pro_Soccer_Coach_77,Soccer Coach,Acceleration,https://x.com/profile_77,2026-03-16 14:47:03.617790
RECON_1773661623_78,X,Pro_Soccer_Coach_78,Soccer Coach,Fast Twitch,https://x.com/profile_78,2026-03-16 14:47:03.617810
RECON_1773661623_79,LinkedIn,Pro_Soccer_Coach_79,Soccer Coach,Biomechanics,https://linkedin.com/profile_79,2026-03-16 14:47:03.617828
RECON_1773661623_80,LinkedIn,Pro_Sprinting_80,Sprinting,Biomechanics,https://linkedin.com/profile_80,2026-03-16 14:47:03.617881
RECON_1773661623_81,Instagram,Pro_Track_Athlete_81,Track Athlete,Fast Twitch,https://instagram.com/profile_81,2026-03-16 14:47:03.617902
RECON_1773661623_82,Instagram,Pro_Soccer_Coach_82,Soccer Coach,Fast Twitch,https://instagram.com/profile_82,2026-03-16 14:47:03.617920
RECON_1773661623_83,X,Pro_Soccer_Coach_83,Soccer Coach,Biomechanics,https://x.com/profile_83,2026-03-16 14:47:03.617939
RECON_1773661623_84,X,Pro_Track_Athlete_84,Track Athlete,Injury Prevention,https://x.com/profile_84,2026-03-16 14:47:03.617958
RECON_1773661623_85,Instagram,Pro_Track_Athlete_85,Track Athlete,Injury Prevention,https://instagram.com/profile_85,2026-03-16 14:47:03.617977
RECON_1773661623_86,Instagram,Pro_Track_Athlete_86,Track Athlete,Injury Prevention,https://instagram.com/profile_86,2026-03-16 14:47:03.617997
RECON_1773661623_87,LinkedIn,Pro_Sprinting_87,Sprinting,Acceleration,https://linkedin.com/profile_87,2026-03-16 14:47:03.618022
RECON_1773661623_88,LinkedIn,Pro_Sprinting_88,Sprinting,Fast Twitch,https://linkedin.com/profile_88,2026-03-16 14:47:03.618042
RECON_1773661623_89,LinkedIn,Pro_Soccer_Coach_89,Soccer Coach,Acceleration,https://linkedin.com/profile_89,2026-03-16 14:47:03.618062
RECON_1773661623_90,LinkedIn,Pro_Soccer_Coach_90,Soccer Coach,Injury Prevention,https://linkedin.com/profile_90,2026-03-16 14:47:03.618087
RECON_1773661623_91,Instagram,Pro_Soccer_Coach_91,Soccer Coach,Biomechanics,https://instagram.com/profile_91,2026-03-16 14:47:03.618106
RECON_1773661623_92,X,Pro_Soccer_Coach_92,Soccer Coach,Fast Twitch,https://x.com/profile_92,2026-03-16 14:47:03.618124
RECON_1773661623_93,Instagram,Pro_Sprinting_93,Sprinting,Acceleration,https://instagram.com/profile_93,2026-03-16 14:47:03.618146
RECON_1773661623_94,X,Pro_Sprinting_94,Sprinting,Fast Twitch,https://x.com/profile_94,2026-03-16 14:47:03.618166
RECON_1773661623_95,X,Pro_Track_Athlete_95,Track Athlete,Fast Twitch,https://x.com/profile_95,2026-03-16 14:47:03.618185
RECON_1773661623_96,X,Pro_Track_Athlete_96,Track Athlete,Acceleration,https://x.com/profile_96,2026-03-16 14:47:03.618351
RECON_1773661623_97,LinkedIn,Pro_Track_Athlete_97,Track Athlete,Injury Prevention,https://linkedin.com/profile_97,2026-03-16 14:47:03.618464
RECON_1773661623_98,Instagram,Pro_Soccer_Coach_98,Soccer Coach,Injury Prevention,https://instagram.com/profile_98,2026-03-16 14:47:03.618488
RECON_1773661623_99,LinkedIn,Pro_Sprinting_99,Sprinting,Fast Twitch,https://linkedin.com/profile_99,2026-03-16 14:47:03.618508
RECON_1773661623_100,LinkedIn,Pro_Soccer_Coach_100,Soccer Coach,Fast Twitch,https://linkedin.com/profile_100,2026-03-16 14:47:03.618529
RECON_1773661623_101,LinkedIn,Pro_Soccer_Coach_101,Soccer Coach,Injury Prevention,https://linkedin.com/profile_101,2026-03-16 14:47:03.618558
RECON_1773661623_102,Instagram,Pro_Sprinting_102,Sprinting,Biomechanics,https://instagram.com/profile_102,2026-03-16 14:47:03.618578
RECON_1773661623_103,Instagram,Pro_Sprinting_103,Sprinting,Acceleration,https://instagram.com/profile_103,2026-03-16 14:47:03.618808
RECON_1773661623_104,Instagram,Pro_Soccer_Coach_104,Soccer Coach,Acceleration,https://instagram.com/profile_104,2026-03-16 14:47:03.618833
RECON_1773661623_105,LinkedIn,Pro_Sprinting_105,Sprinting,Injury Prevention,https://linkedin.com/profile_105,2026-03-16 14:47:03.618852
RECON_1773661623_106,LinkedIn,Pro_Sprinting_106,Sprinting,Injury Prevention,https://linkedin.com/profile_106,2026-03-16 14:47:03.618871
RECON_1773661623_107,X,Pro_Track_Athlete_107,Track Athlete,Injury Prevention,https://x.com/profile_107,2026-03-16 14:47:03.618939
RECON_1773661623_108,X,Pro_Track_Athlete_108,Track Athlete,Biomechanics,https://x.com/profile_108,2026-03-16 14:47:03.618966
RECON_1773661623_109,Instagram,Pro_Track_Athlete_109,Track Athlete,Fast Twitch,https://instagram.com/profile_109,2026-03-16 14:47:03.618992
RECON_1773661623_110,Instagram,Pro_Soccer_Coach_110,Soccer Coach,Injury Prevention,https://instagram.com/profile_110,2026-03-16 14:47:03.619011
RECON_1773661623_111,X,Pro_Track_Athlete_111,Track Athlete,Fast Twitch,https://x.com/profile_111,2026-03-16 14:47:03.619029
RECON_1773661623_112,LinkedIn,Pro_Track_Athlete_112,Track Athlete,Fast Twitch,https://linkedin.com/profile_112,2026-03-16 14:47:03.619047
RECON_1773661623_113,LinkedIn,Pro_Track_Athlete_113,Track Athlete,Biomechanics,https://linkedin.com/profile_113,2026-03-16 14:47:03.619060
RECON_1773661623_114,X,Pro_Soccer_Coach_114,Soccer Coach,Fast Twitch,https://x.com/profile_114,2026-03-16 14:47:03.619069
RECON_1773661623_115,Instagram,Pro_Soccer_Coach_115,Soccer Coach,Biomechanics,https://instagram.com/profile_115,2026-03-16 14:47:03.619078
RECON_1773661623_116,LinkedIn,Pro_Track_Athlete_116,Track Athlete,Fast Twitch,https://linkedin.com/profile_116,2026-03-16 14:47:03.619190
RECON_1773661623_117,X,Pro_Soccer_Coach_117,Soccer Coach,Biomechanics,https://x.com/profile_117,2026-03-16 14:47:03.619213
RECON_1773661623_118,X,Pro_Track_Athlete_118,Track Athlete,Fast Twitch,https://x.com/profile_118,2026-03-16 14:47:03.619224
RECON_1773661623_119,Instagram,Pro_Track_Athlete_119,Track Athlete,Fast Twitch,https://instagram.com/profile_119,2026-03-16 14:47:03.619234
RECON_1773661623_120,X,Pro_Track_Athlete_120,Track Athlete,Biomechanics,https://x.com/profile_120,2026-03-16 14:47:03.619243
RECON_1773661623_121,X,Pro_Soccer_Coach_121,Soccer Coach,Fast Twitch,https://x.com/profile_121,2026-03-16 14:47:03.619252
RECON_1773661623_122,Instagram,Pro_Sprinting_122,Sprinting,Fast Twitch,https://instagram.com/profile_122,2026-03-16 14:47:03.619261
RECON_1773661623_123,Instagram,Pro_Track_Athlete_123,Track Athlete,Acceleration,https://instagram.com/profile_123,2026-03-16 14:47:03.619270
RECON_1773661623_124,Instagram,Pro_Sprinting_124,Sprinting,Biomechanics,https://instagram.com/profile_124,2026-03-16 14:47:03.619279
RECON_1773661623_125,LinkedIn,Pro_Sprinting_125,Sprinting,Fast Twitch,https://linkedin.com/profile_125,2026-03-16 14:47:03.619288
RECON_1773661623_126,Instagram,Pro_Track_Athlete_126,Track Athlete,Fast Twitch,https://instagram.com/profile_126,2026-03-16 14:47:03.619297
RECON_1773661623_127,Instagram,Pro_Sprinting_127,Sprinting,Injury Prevention,https://instagram.com/profile_127,2026-03-16 14:47:03.619359
RECON_1773661623_128,LinkedIn,Pro_Track_Athlete_128,Track Athlete,Acceleration,https://linkedin.com/profile_128,2026-03-16 14:47:03.619380
RECON_1773661623_129,Instagram,Pro_Soccer_Coach_129,Soccer Coach,Acceleration,https://instagram.com/profile_129,2026-03-16 14:47:03.619416
RECON_1773661623_130,Instagram,Pro_Track_Athlete_130,Track Athlete,Fast Twitch,https://instagram.com/profile_130,2026-03-16 14:47:03.619558
RECON_1773661623_131,X,Pro_Soccer_Coach_131,Soccer Coach,Fast Twitch,https://x.com/profile_131,2026-03-16 14:47:03.619587
RECON_1773661623_132,LinkedIn,Pro_Sprinting_132,Sprinting,Acceleration,https://linkedin.com/profile_132,2026-03-16 14:47:03.619614
RECON_1773661623_133,Instagram,Pro_Sprinting_133,Sprinting,Fast Twitch,https://instagram.com/profile_133,2026-03-16 14:47:03.619631
RECON_1773661623_134,Instagram,Pro_Sprinting_134,Sprinting,Injury Prevention,https://instagram.com/profile_134,2026-03-16 14:47:03.619641
RECON_1773661623_135,LinkedIn,Pro_Soccer_Coach_135,Soccer Coach,Acceleration,https://linkedin.com/profile_135,2026-03-16 14:47:03.619650
RECON_1773661623_136,LinkedIn,Pro_Track_Athlete_136,Track Athlete,Fast Twitch,https://linkedin.com/profile_136,2026-03-16 14:47:03.619659
RECON_1773661623_137,Instagram,Pro_Soccer_Coach_137,Soccer Coach,Acceleration,https://instagram.com/profile_137,2026-03-16 14:47:03.619668
RECON_1773661623_138,X,Pro_Sprinting_138,Sprinting,Acceleration,https://x.com/profile_138,2026-03-16 14:47:03.619677
RECON_1773661623_139,LinkedIn,Pro_Track_Athlete_139,Track Athlete,Acceleration,https://linkedin.com/profile_139,2026-03-16 14:47:03.619735
RECON_1773661623_140,Instagram,Pro_Soccer_Coach_140,Soccer Coach,Acceleration,https://instagram.com/profile_140,2026-03-16 14:47:03.619758
RECON_1773661623_141,LinkedIn,Pro_Soccer_Coach_141,Soccer Coach,Injury Prevention,https://linkedin.com/profile_141,2026-03-16 14:47:03.619778
RECON_1773661623_142,LinkedIn,Pro_Track_Athlete_142,Track Athlete,Acceleration,https://linkedin.com/profile_142,2026-03-16 14:47:03.619807
RECON_1773661623_143,Instagram,Pro_Track_Athlete_143,Track Athlete,Fast Twitch,https://instagram.com/profile_143,2026-03-16 14:47:03.619825
RECON_1773661623_144,LinkedIn,Pro_Sprinting_144,Sprinting,Fast Twitch,https://linkedin.com/profile_144,2026-03-16 14:47:03.619845
RECON_1773661623_145,X,Pro_Sprinting_145,Sprinting,Biomechanics,https://x.com/profile_145,2026-03-16 14:47:03.619861
RECON_1773661623_146,LinkedIn,Pro_Sprinting_146,Sprinting,Fast Twitch,https://linkedin.com/profile_146,2026-03-16 14:47:03.619876
RECON_1773661623_147,Instagram,Pro_Sprinting_147,Sprinting,Acceleration,https://instagram.com/profile_147,2026-03-16 14:47:03.619900
RECON_1773661623_148,Instagram,Pro_Track_Athlete_148,Track Athlete,Injury Prevention,https://instagram.com/profile_148,2026-03-16 14:47:03.619921
RECON_1773661623_149,LinkedIn,Pro_Track_Athlete_149,Track Athlete,Acceleration,https://linkedin.com/profile_149,2026-03-16 14:47:03.619942
RECON_1773661623_150,Instagram,Pro_Sprinting_150,Sprinting,Fast Twitch,https://instagram.com/profile_150,2026-03-16 14:47:03.619967
RECON_1773661623_151,X,Pro_Soccer_Coach_151,Soccer Coach,Injury Prevention,https://x.com/profile_151,2026-03-16 14:47:03.619987
RECON_1773661623_152,X,Pro_Sprinting_152,Sprinting,Fast Twitch,https://x.com/profile_152,2026-03-16 14:47:03.620004
RECON_1773661623_153,Instagram,Pro_Soccer_Coach_153,Soccer Coach,Injury Prevention,https://instagram.com/profile_153,2026-03-16 14:47:03.620022
RECON_1773661623_154,X,Pro_Sprinting_154,Sprinting,Biomechanics,https://x.com/profile_154,2026-03-16 14:47:03.620042
RECON_1773661623_155,Instagram,Pro_Soccer_Coach_155,Soccer Coach,Acceleration,https://instagram.com/profile_155,2026-03-16 14:47:03.620421
RECON_1773661623_156,X,Pro_Soccer_Coach_156,Soccer Coach,Biomechanics,https://x.com/profile_156,2026-03-16 14:47:03.620454
RECON_1773661623_157,X,Pro_Soccer_Coach_157,Soccer Coach,Acceleration,https://x.com/profile_157,2026-03-16 14:47:03.620473
RECON_1773661623_158,X,Pro_Sprinting_158,Sprinting,Fast Twitch,https://x.com/profile_158,2026-03-16 14:47:03.620491
RECON_1773661623_159,Instagram,Pro_Track_Athlete_159,Track Athlete,Injury Prevention,https://instagram.com/profile_159,2026-03-16 14:47:03.620514
RECON_1773661623_160,LinkedIn,Pro_Soccer_Coach_160,Soccer Coach,Biomechanics,https://linkedin.com/profile_160,2026-03-16 14:47:03.620533
RECON_1773661623_161,Instagram,Pro_Sprinting_161,Sprinting,Injury Prevention,https://instagram.com/profile_161,2026-03-16 14:47:03.620551
RECON_1773661623_162,LinkedIn,Pro_Soccer_Coach_162,Soccer Coach,Injury Prevention,https://linkedin.com/profile_162,2026-03-16 14:47:03.620667
RECON_1773661623_163,LinkedIn,Pro_Track_Athlete_163,Track Athlete,Biomechanics,https://linkedin.com/profile_163,2026-03-16 14:47:03.620702
RECON_1773661623_164,Instagram,Pro_Soccer_Coach_164,Soccer Coach,Fast Twitch,https://instagram.com/profile_164,2026-03-16 14:47:03.620728
RECON_1773661623_165,Instagram,Pro_Sprinting_165,Sprinting,Injury Prevention,https://instagram.com/profile_165,2026-03-16 14:47:03.620749
RECON_1773661623_166,X,Pro_Soccer_Coach_166,Soccer Coach,Acceleration,https://x.com/profile_166,2026-03-16 14:47:03.620769
RECON_1773661623_167,X,Pro_Sprinting_167,Sprinting,Acceleration,https://x.com/profile_167,2026-03-16 14:47:03.620791
RECON_1773661623_168,LinkedIn,Pro_Sprinting_168,Sprinting,Biomechanics,https://linkedin.com/profile_168,2026-03-16 14:47:03.620827
RECON_1773661623_169,Instagram,Pro_Sprinting_169,Sprinting,Acceleration,https://instagram.com/profile_169,2026-03-16 14:47:03.620845
RECON_1773661623_170,X,Pro_Sprinting_170,Sprinting,Fast Twitch,https://x.com/profile_170,2026-03-16 14:47:03.620880
RECON_1773661623_171,Instagram,Pro_Sprinting_171,Sprinting,Biomechanics,https://instagram.com/profile_171,2026-03-16 14:47:03.620906
RECON_1773661623_172,Instagram,Pro_Soccer_Coach_172,Soccer Coach,Injury Prevention,https://instagram.com/profile_172,2026-03-16 14:47:03.620929
RECON_1773661623_173,Instagram,Pro_Sprinting_173,Sprinting,Injury Prevention,https://instagram.com/profile_173,2026-03-16 14:47:03.620954
RECON_1773661623_174,LinkedIn,Pro_Track_Athlete_174,Track Athlete,Acceleration,https://linkedin.com/profile_174,2026-03-16 14:47:03.620974
RECON_1773661623_175,LinkedIn,Pro_Track_Athlete_175,Track Athlete,Acceleration,https://linkedin.com/profile_175,2026-03-16 14:47:03.620996
RECON_1773661623_176,LinkedIn,Pro_Track_Athlete_176,Track Athlete,Injury Prevention,https://linkedin.com/profile_176,2026-03-16 14:47:03.621018
RECON_1773661623_177,Instagram,Pro_Soccer_Coach_177,Soccer Coach,Biomechanics,https://instagram.com/profile_177,2026-03-16 14:47:03.621036
RECON_1773661623_178,Instagram,Pro_Track_Athlete_178,Track Athlete,Injury Prevention,https://instagram.com/profile_178,2026-03-16 14:47:03.621066
RECON_1773661623_179,LinkedIn,Pro_Track_Athlete_179,Track Athlete,Fast Twitch,https://linkedin.com/profile_179,2026-03-16 14:47:03.621089
RECON_1773661623_180,LinkedIn,Pro_Soccer_Coach_180,Soccer Coach,Injury Prevention,https://linkedin.com/profile_180,2026-03-16 14:47:03.621110
RECON_1773661623_181,X,Pro_Sprinting_181,Sprinting,Biomechanics,https://x.com/profile_181,2026-03-16 14:47:03.621139
RECON_1773661623_182,LinkedIn,Pro_Track_Athlete_182,Track Athlete,Biomechanics,https://linkedin.com/profile_182,2026-03-16 14:47:03.621159
RECON_1773661623_183,LinkedIn,Pro_Soccer_Coach_183,Soccer Coach,Biomechanics,https://linkedin.com/profile_183,2026-03-16 14:47:03.621180
RECON_1773661623_184,X,Pro_Track_Athlete_184,Track Athlete,Fast Twitch,https://x.com/profile_184,2026-03-16 14:47:03.621202
RECON_1773661623_185,X,Pro_Sprinting_185,Sprinting,Fast Twitch,https://x.com/profile_185,2026-03-16 14:47:03.621224
RECON_1773661623_186,Instagram,Pro_Soccer_Coach_186,Soccer Coach,Injury Prevention,https://instagram.com/profile_186,2026-03-16 14:47:03.621245
RECON_1773661623_187,Instagram,Pro_Soccer_Coach_187,Soccer Coach,Acceleration,https://instagram.com/profile_187,2026-03-16 14:47:03.621264
RECON_1773661623_188,X,Pro_Track_Athlete_188,Track Athlete,Fast Twitch,https://x.com/profile_188,2026-03-16 14:47:03.621286
RECON_1773661623_189,X,Pro_Soccer_Coach_189,Soccer Coach,Biomechanics,https://x.com/profile_189,2026-03-16 14:47:03.621308
RECON_1773661623_190,LinkedIn,Pro_Soccer_Coach_190,Soccer Coach,Injury Prevention,https://linkedin.com/profile_190,2026-03-16 14:47:03.621342
RECON_1773661623_191,LinkedIn,Pro_Track_Athlete_191,Track Athlete,Acceleration,https://linkedin.com/profile_191,2026-03-16 14:47:03.621364
RECON_1773661623_192,LinkedIn,Pro_Track_Athlete_192,Track Athlete,Acceleration,https://linkedin.com/profile_192,2026-03-16 14:47:03.621384
RECON_1773661623_193,X,Pro_Soccer_Coach_193,Soccer Coach,Injury Prevention,https://x.com/profile_193,2026-03-16 14:47:03.621415
RECON_1773661623_194,Instagram,Pro_Track_Athlete_194,Track Athlete,Biomechanics,https://instagram.com/profile_194,2026-03-16 14:47:03.621448
RECON_1773661623_195,Instagram,Pro_Soccer_Coach_195,Soccer Coach,Injury Prevention,https://instagram.com/profile_195,2026-03-16 14:47:03.621468
RECON_1773661623_196,LinkedIn,Pro_Sprinting_196,Sprinting,Injury Prevention,https://linkedin.com/profile_196,2026-03-16 14:47:03.621486
RECON_1773661623_197,Instagram,Pro_Track_Athlete_197,Track Athlete,Acceleration,https://instagram.com/profile_197,2026-03-16 14:47:03.621505
RECON_1773661623_198,Instagram,Pro_Track_Athlete_198,Track Athlete,Biomechanics,https://instagram.com/profile_198,2026-03-16 14:47:03.621524
RECON_1773661623_199,X,Pro_Sprinting_199,Sprinting,Acceleration,https://x.com/profile_199,2026-03-16 14:47:03.621543
RECON_1773661623_200,LinkedIn,Pro_Soccer_Coach_200,Soccer Coach,Fast Twitch,https://linkedin.com/profile_200,2026-03-16 14:47:03.621563
RECON_1773661623_201,LinkedIn,Pro_Soccer_Coach_201,Soccer Coach,Biomechanics,https://linkedin.com/profile_201,2026-03-16 14:47:03.621584
RECON_1773661623_202,LinkedIn,Pro_Track_Athlete_202,Track Athlete,Biomechanics,https://linkedin.com/profile_202,2026-03-16 14:47:03.621603
RECON_1773661623_203,X,Pro_Sprinting_203,Sprinting,Acceleration,https://x.com/profile_203,2026-03-16 14:47:03.621620
RECON_1773661623_204,LinkedIn,Pro_Soccer_Coach_204,Soccer Coach,Biomechanics,https://linkedin.com/profile_204,2026-03-16 14:47:03.621642
RECON_1773661623_205,LinkedIn,Pro_Track_Athlete_205,Track Athlete,Acceleration,https://linkedin.com/profile_205,2026-03-16 14:47:03.621660
RECON_1773661623_206,Instagram,Pro_Sprinting_206,Sprinting,Injury Prevention,https://instagram.com/profile_206,2026-03-16 14:47:03.621679
RECON_1773661623_207,X,Pro_Track_Athlete_207,Track Athlete,Injury Prevention,https://x.com/profile_207,2026-03-16 14:47:03.621710
RECON_1773661623_208,LinkedIn,Pro_Sprinting_208,Sprinting,Injury Prevention,https://linkedin.com/profile_208,2026-03-16 14:47:03.621739
RECON_1773661623_209,LinkedIn,Pro_Track_Athlete_209,Track Athlete,Biomechanics,https://linkedin.com/profile_209,2026-03-16 14:47:03.621763
RECON_1773661623_210,Instagram,Pro_Soccer_Coach_210,Soccer Coach,Biomechanics,https://instagram.com/profile_210,2026-03-16 14:47:03.621782
RECON_1773661623_211,LinkedIn,Pro_Soccer_Coach_211,Soccer Coach,Acceleration,https://linkedin.com/profile_211,2026-03-16 14:47:03.621799
RECON_1773661623_212,Instagram,Pro_Soccer_Coach_212,Soccer Coach,Injury Prevention,https://instagram.com/profile_212,2026-03-16 14:47:03.621818
RECON_1773661623_213,LinkedIn,Pro_Sprinting_213,Sprinting,Biomechanics,https://linkedin.com/profile_213,2026-03-16 14:47:03.621836
RECON_1773661623_214,LinkedIn,Pro_Track_Athlete_214,Track Athlete,Biomechanics,https://linkedin.com/profile_214,2026-03-16 14:47:03.621931
RECON_1773661623_215,LinkedIn,Pro_Sprinting_215,Sprinting,Biomechanics,https://linkedin.com/profile_215,2026-03-16 14:47:03.621959
RECON_1773661623_216,Instagram,Pro_Track_Athlete_216,Track Athlete,Acceleration,https://instagram.com/profile_216,2026-03-16 14:47:03.621980
RECON_1773661623_217,X,Pro_Soccer_Coach_217,Soccer Coach,Injury Prevention,https://x.com/profile_217,2026-03-16 14:47:03.622000
RECON_1773661623_218,X,Pro_Soccer_Coach_218,Soccer Coach,Injury Prevention,https://x.com/profile_218,2026-03-16 14:47:03.622018
RECON_1773661623_219,LinkedIn,Pro_Soccer_Coach_219,Soccer Coach,Injury Prevention,https://linkedin.com/profile_219,2026-03-16 14:47:03.622035
RECON_1773661623_220,X,Pro_Soccer_Coach_220,Soccer Coach,Biomechanics,https://x.com/profile_220,2026-03-16 14:47:03.622065
RECON_1773661623_221,X,Pro_Track_Athlete_221,Track Athlete,Biomechanics,https://x.com/profile_221,2026-03-16 14:47:03.622085
RECON_1773661623_222,X,Pro_Sprinting_222,Sprinting,Biomechanics,https://x.com/profile_222,2026-03-16 14:47:03.622103
RECON_1773661623_223,Instagram,Pro_Sprinting_223,Sprinting,Injury Prevention,https://instagram.com/profile_223,2026-03-16 14:47:03.622129
RECON_1773661623_224,Instagram,Pro_Track_Athlete_224,Track Athlete,Acceleration,https://instagram.com/profile_224,2026-03-16 14:47:03.622149
RECON_1773661623_225,X,Pro_Track_Athlete_225,Track Athlete,Acceleration,https://x.com/profile_225,2026-03-16 14:47:03.622167
RECON_1773661623_226,Instagram,Pro_Track_Athlete_226,Track Athlete,Acceleration,https://instagram.com/profile_226,2026-03-16 14:47:03.622186
RECON_1773661623_227,X,Pro_Soccer_Coach_227,Soccer Coach,Fast Twitch,https://x.com/profile_227,2026-03-16 14:47:03.622204
RECON_1773661623_228,X,Pro_Soccer_Coach_228,Soccer Coach,Acceleration,https://x.com/profile_228,2026-03-16 14:47:03.622223
RECON_1773661623_229,LinkedIn,Pro_Sprinting_229,Sprinting,Fast Twitch,https://linkedin.com/profile_229,2026-03-16 14:47:03.622242
RECON_1773661623_230,LinkedIn,Pro_Soccer_Coach_230,Soccer Coach,Acceleration,https://linkedin.com/profile_230,2026-03-16 14:47:03.622287
RECON_1773661623_231,LinkedIn,Pro_Sprinting_231,Sprinting,Fast Twitch,https://linkedin.com/profile_231,2026-03-16 14:47:03.622306
RECON_1773661623_232,LinkedIn,Pro_Sprinting_232,Sprinting,Acceleration,https://linkedin.com/profile_232,2026-03-16 14:47:03.622325
RECON_1773661623_233,Instagram,Pro_Sprinting_233,Sprinting,Biomechanics,https://instagram.com/profile_233,2026-03-16 14:47:03.622361
RECON_1773661623_234,LinkedIn,Pro_Sprinting_234,Sprinting,Biomechanics,https://linkedin.com/profile_234,2026-03-16 14:47:03.622381
RECON_1773661623_235,Instagram,Pro_Soccer_Coach_235,Soccer Coach,Injury Prevention,https://instagram.com/profile_235,2026-03-16 14:47:03.622401
RECON_1773661623_236,Instagram,Pro_Soccer_Coach_236,Soccer Coach,Injury Prevention,https://instagram.com/profile_236,2026-03-16 14:47:03.622419
RECON_1773661623_237,X,Pro_Sprinting_237,Sprinting,Fast Twitch,https://x.com/profile_237,2026-03-16 14:47:03.622437
RECON_1773661623_238,LinkedIn,Pro_Track_Athlete_238,Track Athlete,Injury Prevention,https://linkedin.com/profile_238,2026-03-16 14:47:03.622463
RECON_1773661623_239,Instagram,Pro_Track_Athlete_239,Track Athlete,Injury Prevention,https://instagram.com/profile_239,2026-03-16 14:47:03.622485
RECON_1773661623_240,LinkedIn,Pro_Track_Athlete_240,Track Athlete,Fast Twitch,https://linkedin.com/profile_240,2026-03-16 14:47:03.622504
RECON_1773661623_241,Instagram,Pro_Sprinting_241,Sprinting,Fast Twitch,https://instagram.com/profile_241,2026-03-16 14:47:03.622521
RECON_1773661623_242,X,Pro_Soccer_Coach_242,Soccer Coach,Fast Twitch,https://x.com/profile_242,2026-03-16 14:47:03.622539
RECON_1773661623_243,Instagram,Pro_Soccer_Coach_243,Soccer Coach,Biomechanics,https://instagram.com/profile_243,2026-03-16 14:47:03.622559
RECON_1773661623_244,X,Pro_Sprinting_244,Sprinting,Fast Twitch,https://x.com/profile_244,2026-03-16 14:47:03.622578
RECON_1773661623_245,LinkedIn,Pro_Track_Athlete_245,Track Athlete,Injury Prevention,https://linkedin.com/profile_245,2026-03-16 14:47:03.622597
RECON_1773661623_246,LinkedIn,Pro_Soccer_Coach_246,Soccer Coach,Biomechanics,https://linkedin.com/profile_246,2026-03-16 14:47:03.622625
RECON_1773661623_247,X,Pro_Sprinting_247,Sprinting,Injury Prevention,https://x.com/profile_247,2026-03-16 14:47:03.622642
RECON_1773661623_248,LinkedIn,Pro_Soccer_Coach_248,Soccer Coach,Fast Twitch,https://linkedin.com/profile_248,2026-03-16 14:47:03.622668
RECON_1773661623_249,LinkedIn,Pro_Sprinting_249,Sprinting,Fast Twitch,https://linkedin.com/profile_249,2026-03-16 14:47:03.622690
RECON_1773661623_250,Instagram,Pro_Track_Athlete_250,Track Athlete,Acceleration,https://instagram.com/profile_250,2026-03-16 14:47:03.622708
RECON_1773661623_251,X,Pro_Soccer_Coach_251,Soccer Coach,Acceleration,https://x.com/profile_251,2026-03-16 14:47:03.622728
RECON_1773661623_252,LinkedIn,Pro_Soccer_Coach_252,Soccer Coach,Fast Twitch,https://linkedin.com/profile_252,2026-03-16 14:47:03.622745
RECON_1773661623_253,Instagram,Pro_Track_Athlete_253,Track Athlete,Fast Twitch,https://instagram.com/profile_253,2026-03-16 14:47:03.622763
RECON_1773661623_254,Instagram,Pro_Track_Athlete_254,Track Athlete,Injury Prevention,https://instagram.com/profile_254,2026-03-16 14:47:03.622789
RECON_1773661623_255,Instagram,Pro_Track_Athlete_255,Track Athlete,Acceleration,https://instagram.com/profile_255,2026-03-16 14:47:03.622809
RECON_1773661623_256,Instagram,Pro_Sprinting_256,Sprinting,Biomechanics,https://instagram.com/profile_256,2026-03-16 14:47:03.622827
RECON_1773661623_257,LinkedIn,Pro_Sprinting_257,Sprinting,Fast Twitch,https://linkedin.com/profile_257,2026-03-16 14:47:03.622845
RECON_1773661623_258,LinkedIn,Pro_Track_Athlete_258,Track Athlete,Acceleration,https://linkedin.com/profile_258,2026-03-16 14:47:03.622864
RECON_1773661623_259,LinkedIn,Pro_Soccer_Coach_259,Soccer Coach,Fast Twitch,https://linkedin.com/profile_259,2026-03-16 14:47:03.622891
RECON_1773661623_260,X,Pro_Track_Athlete_260,Track Athlete,Biomechanics,https://x.com/profile_260,2026-03-16 14:47:03.622910
RECON_1773661623_261,LinkedIn,Pro_Soccer_Coach_261,Soccer Coach,Fast Twitch,https://linkedin.com/profile_261,2026-03-16 14:47:03.622928
RECON_1773661623_262,LinkedIn,Pro_Track_Athlete_262,Track Athlete,Biomechanics,https://linkedin.com/profile_262,2026-03-16 14:47:03.622947
RECON_1773661623_263,X,Pro_Soccer_Coach_263,Soccer Coach,Acceleration,https://x.com/profile_263,2026-03-16 14:47:03.622964
RECON_1773661623_264,Instagram,Pro_Soccer_Coach_264,Soccer Coach,Injury Prevention,https://instagram.com/profile_264,2026-03-16 14:47:03.622983
RECON_1773661623_265,LinkedIn,Pro_Soccer_Coach_265,Soccer Coach,Acceleration,https://linkedin.com/profile_265,2026-03-16 14:47:03.623001
RECON_1773661623_266,X,Pro_Track_Athlete_266,Track Athlete,Fast Twitch,https://x.com/profile_266,2026-03-16 14:47:03.623019
RECON_1773661623_267,X,Pro_Soccer_Coach_267,Soccer Coach,Biomechanics,https://x.com/profile_267,2026-03-16 14:47:03.623037
RECON_1773661623_268,Instagram,Pro_Soccer_Coach_268,Soccer Coach,Injury Prevention,https://instagram.com/profile_268,2026-03-16 14:47:03.623056
RECON_1773661623_269,LinkedIn,Pro_Sprinting_269,Sprinting,Fast Twitch,https://linkedin.com/profile_269,2026-03-16 14:47:03.623256
RECON_1773661623_270,Instagram,Pro_Sprinting_270,Sprinting,Acceleration,https://instagram.com/profile_270,2026-03-16 14:47:03.623272
RECON_1773661623_271,X,Pro_Sprinting_271,Sprinting,Acceleration,https://x.com/profile_271,2026-03-16 14:47:03.623283
RECON_1773661623_272,Instagram,Pro_Track_Athlete_272,Track Athlete,Injury Prevention,https://instagram.com/profile_272,2026-03-16 14:47:03.623300
RECON_1773661623_273,X,Pro_Track_Athlete_273,Track Athlete,Acceleration,https://x.com/profile_273,2026-03-16 14:47:03.623310
RECON_1773661623_274,LinkedIn,Pro_Sprinting_274,Sprinting,Acceleration,https://linkedin.com/profile_274,2026-03-16 14:47:03.623318
RECON_1773661623_275,X,Pro_Track_Athlete_275,Track Athlete,Acceleration,https://x.com/profile_275,2026-03-16 14:47:03.623327
RECON_1773661623_276,Instagram,Pro_Sprinting_276,Sprinting,Injury Prevention,https://instagram.com/profile_276,2026-03-16 14:47:03.623336
RECON_1773661623_277,Instagram,Pro_Soccer_Coach_277,Soccer Coach,Injury Prevention,https://instagram.com/profile_277,2026-03-16 14:47:03.623346
RECON_1773661623_278,X,Pro_Soccer_Coach_278,Soccer Coach,Injury Prevention,https://x.com/profile_278,2026-03-16 14:47:03.623355
RECON_1773661623_279,Instagram,Pro_Sprinting_279,Sprinting,Fast Twitch,https://instagram.com/profile_279,2026-03-16 14:47:03.623364
RECON_1773661623_280,LinkedIn,Pro_Sprinting_280,Sprinting,Acceleration,https://linkedin.com/profile_280,2026-03-16 14:47:03.623373
RECON_1773661623_281,Instagram,Pro_Soccer_Coach_281,Soccer Coach,Biomechanics,https://instagram.com/profile_281,2026-03-16 14:47:03.623383
RECON_1773661623_282,LinkedIn,Pro_Soccer_Coach_282,Soccer Coach,Fast Twitch,https://linkedin.com/profile_282,2026-03-16 14:47:03.623392
RECON_1773661623_283,LinkedIn,Pro_Sprinting_283,Sprinting,Acceleration,https://linkedin.com/profile_283,2026-03-16 14:47:03.623401
RECON_1773661623_284,X,Pro_Sprinting_284,Sprinting,Biomechanics,https://x.com/profile_284,2026-03-16 14:47:03.623414
RECON_1773661623_285,X,Pro_Soccer_Coach_285,Soccer Coach,Injury Prevention,https://x.com/profile_285,2026-03-16 14:47:03.623430
RECON_1773661623_286,Instagram,Pro_Track_Athlete_286,Track Athlete,Fast Twitch,https://instagram.com/profile_286,2026-03-16 14:47:03.623441
RECON_1773661623_287,LinkedIn,Pro_Sprinting_287,Sprinting,Injury Prevention,https://linkedin.com/profile_287,2026-03-16 14:47:03.623450
RECON_1773661623_288,LinkedIn,Pro_Soccer_Coach_288,Soccer Coach,Fast Twitch,https://linkedin.com/profile_288,2026-03-16 14:47:03.623460
RECON_1773661623_289,LinkedIn,Pro_Track_Athlete_289,Track Athlete,Injury Prevention,https://linkedin.com/profile_289,2026-03-16 14:47:03.623469
RECON_1773661623_290,Instagram,Pro_Soccer_Coach_290,Soccer Coach,Biomechanics,https://instagram.com/profile_290,2026-03-16 14:47:03.623478
RECON_1773661623_291,Instagram,Pro_Track_Athlete_291,Track Athlete,Injury Prevention,https://instagram.com/profile_291,2026-03-16 14:47:03.623487
RECON_1773661623_292,X,Pro_Soccer_Coach_292,Soccer Coach,Acceleration,https://x.com/profile_292,2026-03-16 14:47:03.623496
RECON_1773661623_293,Instagram,Pro_Soccer_Coach_293,Soccer Coach,Acceleration,https://instagram.com/profile_293,2026-03-16 14:47:03.623506
RECON_1773661623_294,X,Pro_Sprinting_294,Sprinting,Acceleration,https://x.com/profile_294,2026-03-16 14:47:03.623515
RECON_1773661623_295,X,Pro_Soccer_Coach_295,Soccer Coach,Biomechanics,https://x.com/profile_295,2026-03-16 14:47:03.623525
RECON_1773661623_296,LinkedIn,Pro_Track_Athlete_296,Track Athlete,Fast Twitch,https://linkedin.com/profile_296,2026-03-16 14:47:03.625461
RECON_1773661623_297,X,Pro_Sprinting_297,Sprinting,Injury Prevention,https://x.com/profile_297,2026-03-16 14:47:03.625710
RECON_1773661623_298,LinkedIn,Pro_Soccer_Coach_298,Soccer Coach,Acceleration,https://linkedin.com/profile_298,2026-03-16 14:47:03.625751
RECON_1773661623_299,Instagram,Pro_Sprinting_299,Sprinting,Acceleration,https://instagram.com/profile_299,2026-03-16 14:47:03.625780
RECON_1773661623_300,Instagram,Pro_Soccer_Coach_300,Soccer Coach,Injury Prevention,https://instagram.com/profile_300,2026-03-16 14:47:03.625802
RECON_1773661623_301,Instagram,Pro_Soccer_Coach_301,Soccer Coach,Acceleration,https://instagram.com/profile_301,2026-03-16 14:47:03.625820
RECON_1773661623_302,Instagram,Pro_Track_Athlete_302,Track Athlete,Injury Prevention,https://instagram.com/profile_302,2026-03-16 14:47:03.625837
RECON_1773661623_303,LinkedIn,Pro_Soccer_Coach_303,Soccer Coach,Biomechanics,https://linkedin.com/profile_303,2026-03-16 14:47:03.626174
RECON_1773661623_304,LinkedIn,Pro_Sprinting_304,Sprinting,Fast Twitch,https://linkedin.com/profile_304,2026-03-16 14:47:03.626207
RECON_1773661623_305,LinkedIn,Pro_Track_Athlete_305,Track Athlete,Biomechanics,https://linkedin.com/profile_305,2026-03-16 14:47:03.626235
RECON_1773661623_306,Instagram,Pro_Sprinting_306,Sprinting,Biomechanics,https://instagram.com/profile_306,2026-03-16 14:47:03.626255
RECON_1773661623_307,LinkedIn,Pro_Track_Athlete_307,Track Athlete,Biomechanics,https://linkedin.com/profile_307,2026-03-16 14:47:03.626272
RECON_1773661623_308,Instagram,Pro_Soccer_Coach_308,Soccer Coach,Fast Twitch,https://instagram.com/profile_308,2026-03-16 14:47:03.626288
RECON_1773661623_309,X,Pro_Sprinting_309,Sprinting,Injury Prevention,https://x.com/profile_309,2026-03-16 14:47:03.626309
RECON_1773661623_310,X,Pro_Sprinting_310,Sprinting,Acceleration,https://x.com/profile_310,2026-03-16 14:47:03.626326
RECON_1773661623_311,LinkedIn,Pro_Sprinting_311,Sprinting,Injury Prevention,https://linkedin.com/profile_311,2026-03-16 14:47:03.626365
RECON_1773661623_312,X,Pro_Track_Athlete_312,Track Athlete,Biomechanics,https://x.com/profile_312,2026-03-16 14:47:03.626380
RECON_1773661623_313,X,Pro_Soccer_Coach_313,Soccer Coach,Fast Twitch,https://x.com/profile_313,2026-03-16 14:47:03.626395
RECON_1773661623_314,X,Pro_Track_Athlete_314,Track Athlete,Biomechanics,https://x.com/profile_314,2026-03-16 14:47:03.626420
RECON_1773661623_315,LinkedIn,Pro_Soccer_Coach_315,Soccer Coach,Acceleration,https://linkedin.com/profile_315,2026-03-16 14:47:03.626470
RECON_1773661623_316,Instagram,Pro_Sprinting_316,Sprinting,Injury Prevention,https://instagram.com/profile_316,2026-03-16 14:47:03.626523
RECON_1773661623_317,X,Pro_Sprinting_317,Sprinting,Fast Twitch,https://x.com/profile_317,2026-03-16 14:47:03.626544
RECON_1773661623_318,Instagram,Pro_Soccer_Coach_318,Soccer Coach,Injury Prevention,https://instagram.com/profile_318,2026-03-16 14:47:03.626564
RECON_1773661623_319,LinkedIn,Pro_Track_Athlete_319,Track Athlete,Fast Twitch,https://linkedin.com/profile_319,2026-03-16 14:47:03.626583
RECON_1773661623_320,X,Pro_Track_Athlete_320,Track Athlete,Acceleration,https://x.com/profile_320,2026-03-16 14:47:03.626603
RECON_1773661623_321,LinkedIn,Pro_Sprinting_321,Sprinting,Fast Twitch,https://linkedin.com/profile_321,2026-03-16 14:47:03.626621
RECON_1773661623_322,X,Pro_Track_Athlete_322,Track Athlete,Injury Prevention,https://x.com/profile_322,2026-03-16 14:47:03.626640
RECON_1773661623_323,Instagram,Pro_Soccer_Coach_323,Soccer Coach,Injury Prevention,https://instagram.com/profile_323,2026-03-16 14:47:03.626658
RECON_1773661623_324,LinkedIn,Pro_Track_Athlete_324,Track Athlete,Acceleration,https://linkedin.com/profile_324,2026-03-16 14:47:03.626686
RECON_1773661623_325,LinkedIn,Pro_Soccer_Coach_325,Soccer Coach,Injury Prevention,https://linkedin.com/profile_325,2026-03-16 14:47:03.626704
RECON_1773661623_326,Instagram,Pro_Track_Athlete_326,Track Athlete,Fast Twitch,https://instagram.com/profile_326,2026-03-16 14:47:03.626722
RECON_1773661623_327,LinkedIn,Pro_Track_Athlete_327,Track Athlete,Fast Twitch,https://linkedin.com/profile_327,2026-03-16 14:47:03.626741
RECON_1773661623_328,Instagram,Pro_Soccer_Coach_328,Soccer Coach,Biomechanics,https://instagram.com/profile_328,2026-03-16 14:47:03.626759
RECON_1773661623_329,Instagram,Pro_Soccer_Coach_329,Soccer Coach,Biomechanics,https://instagram.com/profile_329,2026-03-16 14:47:03.626777
RECON_1773661623_330,X,Pro_Track_Athlete_330,Track Athlete,Acceleration,https://x.com/profile_330,2026-03-16 14:47:03.626801
RECON_1773661623_331,X,Pro_Track_Athlete_331,Track Athlete,Acceleration,https://x.com/profile_331,2026-03-16 14:47:03.626820
RECON_1773661623_332,Instagram,Pro_Soccer_Coach_332,Soccer Coach,Biomechanics,https://instagram.com/profile_332,2026-03-16 14:47:03.626837
RECON_1773661623_333,Instagram,Pro_Sprinting_333,Sprinting,Biomechanics,https://instagram.com/profile_333,2026-03-16 14:47:03.626854
RECON_1773661623_334,Instagram,Pro_Soccer_Coach_334,Soccer Coach,Injury Prevention,https://instagram.com/profile_334,2026-03-16 14:47:03.626870
RECON_1773661623_335,Instagram,Pro_Track_Athlete_335,Track Athlete,Biomechanics,https://instagram.com/profile_335,2026-03-16 14:47:03.626887
RECON_1773661623_336,LinkedIn,Pro_Sprinting_336,Sprinting,Biomechanics,https://linkedin.com/profile_336,2026-03-16 14:47:03.626904
RECON_1773661623_337,X,Pro_Soccer_Coach_337,Soccer Coach,Fast Twitch,https://x.com/profile_337,2026-03-16 14:47:03.626931
RECON_1773661623_338,LinkedIn,Pro_Sprinting_338,Sprinting,Biomechanics,https://linkedin.com/profile_338,2026-03-16 14:47:03.627234
RECON_1773661623_339,X,Pro_Sprinting_339,Sprinting,Fast Twitch,https://x.com/profile_339,2026-03-16 14:47:03.627256
RECON_1773661623_340,X,Pro_Soccer_Coach_340,Soccer Coach,Biomechanics,https://x.com/profile_340,2026-03-16 14:47:03.627276
RECON_1773661623_341,Instagram,Pro_Soccer_Coach_341,Soccer Coach,Fast Twitch,https://instagram.com/profile_341,2026-03-16 14:47:03.627296
RECON_1773661623_342,LinkedIn,Pro_Sprinting_342,Sprinting,Acceleration,https://linkedin.com/profile_342,2026-03-16 14:47:03.627316
RECON_1773661623_343,LinkedIn,Pro_Track_Athlete_343,Track Athlete,Fast Twitch,https://linkedin.com/profile_343,2026-03-16 14:47:03.627335
RECON_1773661623_344,Instagram,Pro_Sprinting_344,Sprinting,Injury Prevention,https://instagram.com/profile_344,2026-03-16 14:47:03.627353
RECON_1773661623_345,LinkedIn,Pro_Sprinting_345,Sprinting,Biomechanics,https://linkedin.com/profile_345,2026-03-16 14:47:03.627379
RECON_1773661623_346,LinkedIn,Pro_Track_Athlete_346,Track Athlete,Injury Prevention,https://linkedin.com/profile_346,2026-03-16 14:47:03.627398
RECON_1773661623_347,X,Pro_Soccer_Coach_347,Soccer Coach,Fast Twitch,https://x.com/profile_347,2026-03-16 14:47:03.627417
RECON_1773661623_348,Instagram,Pro_Track_Athlete_348,Track Athlete,Fast Twitch,https://instagram.com/profile_348,2026-03-16 14:47:03.627436
RECON_1773661623_349,LinkedIn,Pro_Track_Athlete_349,Track Athlete,Fast Twitch,https://linkedin.com/profile_349,2026-03-16 14:47:03.627454
RECON_1773661623_350,LinkedIn,Pro_Sprinting_350,Sprinting,Biomechanics,https://linkedin.com/profile_350,2026-03-16 14:47:03.627489
RECON_1773661623_351,LinkedIn,Pro_Track_Athlete_351,Track Athlete,Fast Twitch,https://linkedin.com/profile_351,2026-03-16 14:47:03.627509
RECON_1773661623_352,LinkedIn,Pro_Soccer_Coach_352,Soccer Coach,Fast Twitch,https://linkedin.com/profile_352,2026-03-16 14:47:03.627529
RECON_1773661623_353,LinkedIn,Pro_Track_Athlete_353,Track Athlete,Fast Twitch,https://linkedin.com/profile_353,2026-03-16 14:47:03.627549
RECON_1773661623_354,Instagram,Pro_Track_Athlete_354,Track Athlete,Fast Twitch,https://instagram.com/profile_354,2026-03-16 14:47:03.627569
RECON_1773661623_355,LinkedIn,Pro_Track_Athlete_355,Track Athlete,Fast Twitch,https://linkedin.com/profile_355,2026-03-16 14:47:03.627587
RECON_1773661623_356,LinkedIn,Pro_Track_Athlete_356,Track Athlete,Acceleration,https://linkedin.com/profile_356,2026-03-16 14:47:03.627606
RECON_1773661623_357,LinkedIn,Pro_Sprinting_357,Sprinting,Acceleration,https://linkedin.com/profile_357,2026-03-16 14:47:03.627624
RECON_1773661623_358,Instagram,Pro_Track_Athlete_358,Track Athlete,Biomechanics,https://instagram.com/profile_358,2026-03-16 14:47:03.627643
RECON_1773661623_359,Instagram,Pro_Soccer_Coach_359,Soccer Coach,Acceleration,https://instagram.com/profile_359,2026-03-16 14:47:03.627666
RECON_1773661623_360,Instagram,Pro_Soccer_Coach_360,Soccer Coach,Injury Prevention,https://instagram.com/profile_360,2026-03-16 14:47:03.627686
RECON_1773661623_361,Instagram,Pro_Track_Athlete_361,Track Athlete,Injury Prevention,https://instagram.com/profile_361,2026-03-16 14:47:03.627711
RECON_1773661623_362,X,Pro_Soccer_Coach_362,Soccer Coach,Fast Twitch,https://x.com/profile_362,2026-03-16 14:47:03.629119
RECON_1773661623_363,X,Pro_Soccer_Coach_363,Soccer Coach,Biomechanics,https://x.com/profile_363,2026-03-16 14:47:03.629199
RECON_1773661623_364,LinkedIn,Pro_Track_Athlete_364,Track Athlete,Biomechanics,https://linkedin.com/profile_364,2026-03-16 14:47:03.629217
RECON_1773661623_365,X,Pro_Soccer_Coach_365,Soccer Coach,Biomechanics,https://x.com/profile_365,2026-03-16 14:47:03.629235
RECON_1773661623_366,LinkedIn,Pro_Soccer_Coach_366,Soccer Coach,Injury Prevention,https://linkedin.com/profile_366,2026-03-16 14:47:03.629253
RECON_1773661623_367,LinkedIn,Pro_Track_Athlete_367,Track Athlete,Fast Twitch,https://linkedin.com/profile_367,2026-03-16 14:47:03.629333
RECON_1773661623_368,LinkedIn,Pro_Sprinting_368,Sprinting,Injury Prevention,https://linkedin.com/profile_368,2026-03-16 14:47:03.629366
RECON_1773661623_369,Instagram,Pro_Track_Athlete_369,Track Athlete,Injury Prevention,https://instagram.com/profile_369,2026-03-16 14:47:03.629397
RECON_1773661623_370,Instagram,Pro_Sprinting_370,Sprinting,Acceleration,https://instagram.com/profile_370,2026-03-16 14:47:03.629416
RECON_1773661623_371,Instagram,Pro_Soccer_Coach_371,Soccer Coach,Acceleration,https://instagram.com/profile_371,2026-03-16 14:47:03.629434
RECON_1773661623_372,Instagram,Pro_Soccer_Coach_372,Soccer Coach,Injury Prevention,https://instagram.com/profile_372,2026-03-16 14:47:03.629454
RECON_1773661623_373,Instagram,Pro_Track_Athlete_373,Track Athlete,Biomechanics,https://instagram.com/profile_373,2026-03-16 14:47:03.629471
RECON_1773661623_374,LinkedIn,Pro_Soccer_Coach_374,Soccer Coach,Acceleration,https://linkedin.com/profile_374,2026-03-16 14:47:03.629490
RECON_1773661623_375,LinkedIn,Pro_Soccer_Coach_375,Soccer Coach,Biomechanics,https://linkedin.com/profile_375,2026-03-16 14:47:03.629508
RECON_1773661623_376,Instagram,Pro_Soccer_Coach_376,Soccer Coach,Biomechanics,https://instagram.com/profile_376,2026-03-16 14:47:03.629545
RECON_1773661623_377,X,Pro_Track_Athlete_377,Track Athlete,Acceleration,https://x.com/profile_377,2026-03-16 14:47:03.629570
RECON_1773661623_378,X,Pro_Sprinting_378,Sprinting,Biomechanics,https://x.com/profile_378,2026-03-16 14:47:03.629589
RECON_1773661623_379,X,Pro_Soccer_Coach_379,Soccer Coach,Injury Prevention,https://x.com/profile_379,2026-03-16 14:47:03.629637
RECON_1773661623_380,LinkedIn,Pro_Soccer_Coach_380,Soccer Coach,Injury Prevention,https://linkedin.com/profile_380,2026-03-16 14:47:03.629665
RECON_1773661623_381,LinkedIn,Pro_Sprinting_381,Sprinting,Acceleration,https://linkedin.com/profile_381,2026-03-16 14:47:03.629684
RECON_1773661623_382,X,Pro_Track_Athlete_382,Track Athlete,Biomechanics,https://x.com/profile_382,2026-03-16 14:47:03.629703
RECON_1773661623_383,X,Pro_Soccer_Coach_383,Soccer Coach,Biomechanics,https://x.com/profile_383,2026-03-16 14:47:03.629722
RECON_1773661623_384,X,Pro_Sprinting_384,Sprinting,Biomechanics,https://x.com/profile_384,2026-03-16 14:47:03.629740
RECON_1773661623_385,LinkedIn,Pro_Track_Athlete_385,Track Athlete,Biomechanics,https://linkedin.com/profile_385,2026-03-16 14:47:03.629759
RECON_1773661623_386,Instagram,Pro_Soccer_Coach_386,Soccer Coach,Fast Twitch,https://instagram.com/profile_386,2026-03-16 14:47:03.629972
RECON_1773661623_387,X,Pro_Sprinting_387,Sprinting,Biomechanics,https://x.com/profile_387,2026-03-16 14:47:03.630330
RECON_1773661623_388,X,Pro_Sprinting_388,Sprinting,Acceleration,https://x.com/profile_388,2026-03-16 14:47:03.630438
RECON_1773661623_389,LinkedIn,Pro_Sprinting_389,Sprinting,Fast Twitch,https://linkedin.com/profile_389,2026-03-16 14:47:03.630472
RECON_1773661623_390,Instagram,Pro_Soccer_Coach_390,Soccer Coach,Biomechanics,https://instagram.com/profile_390,2026-03-16 14:47:03.630493
RECON_1773661623_391,Instagram,Pro_Sprinting_391,Sprinting,Acceleration,https://instagram.com/profile_391,2026-03-16 14:47:03.630518
RECON_1773661623_392,Instagram,Pro_Sprinting_392,Sprinting,Fast Twitch,https://instagram.com/profile_392,2026-03-16 14:47:03.630537
RECON_1773661623_393,LinkedIn,Pro_Soccer_Coach_393,Soccer Coach,Injury Prevention,https://linkedin.com/profile_393,2026-03-16 14:47:03.630556
RECON_1773661623_394,X,Pro_Sprinting_394,Sprinting,Biomechanics,https://x.com/profile_394,2026-03-16 14:47:03.630574
RECON_1773661623_395,X,Pro_Sprinting_395,Sprinting,Injury Prevention,https://x.com/profile_395,2026-03-16 14:47:03.630593
RECON_1773661623_396,Instagram,Pro_Track_Athlete_396,Track Athlete,Fast Twitch,https://instagram.com/profile_396,2026-03-16 14:47:03.630612
RECON_1773661623_397,X,Pro_Sprinting_397,Sprinting,Biomechanics,https://x.com/profile_397,2026-03-16 14:47:03.630631
RECON_1773661623_398,LinkedIn,Pro_Track_Athlete_398,Track Athlete,Acceleration,https://linkedin.com/profile_398,2026-03-16 14:47:03.630649
RECON_1773661623_399,Instagram,Pro_Sprinting_399,Sprinting,Fast Twitch,https://instagram.com/profile_399,2026-03-16 14:47:03.630668
RECON_1773661623_400,Instagram,Pro_Track_Athlete_400,Track Athlete,Acceleration,https://instagram.com/profile_400,2026-03-16 14:47:03.630686
RECON_1773661623_401,X,Pro_Track_Athlete_401,Track Athlete,Acceleration,https://x.com/profile_401,2026-03-16 14:47:03.630708
RECON_1773661623_402,X,Pro_Soccer_Coach_402,Soccer Coach,Injury Prevention,https://x.com/profile_402,2026-03-16 14:47:03.630732
RECON_1773661623_403,X,Pro_Sprinting_403,Sprinting,Biomechanics,https://x.com/profile_403,2026-03-16 14:47:03.630750
RECON_1773661623_404,Instagram,Pro_Track_Athlete_404,Track Athlete,Injury Prevention,https://instagram.com/profile_404,2026-03-16 14:47:03.630768
RECON_1773661623_405,Instagram,Pro_Sprinting_405,Sprinting,Acceleration,https://instagram.com/profile_405,2026-03-16 14:47:03.630791
RECON_1773661623_406,LinkedIn,Pro_Sprinting_406,Sprinting,Injury Prevention,https://linkedin.com/profile_406,2026-03-16 14:47:03.630815
RECON_1773661623_407,LinkedIn,Pro_Soccer_Coach_407,Soccer Coach,Injury Prevention,https://linkedin.com/profile_407,2026-03-16 14:47:03.630833
RECON_1773661623_408,LinkedIn,Pro_Sprinting_408,Sprinting,Injury Prevention,https://linkedin.com/profile_408,2026-03-16 14:47:03.630850
RECON_1773661623_409,Instagram,Pro_Soccer_Coach_409,Soccer Coach,Injury Prevention,https://instagram.com/profile_409,2026-03-16 14:47:03.630868
RECON_1773661623_410,LinkedIn,Pro_Track_Athlete_410,Track Athlete,Fast Twitch,https://linkedin.com/profile_410,2026-03-16 14:47:03.630886
RECON_1773661623_411,LinkedIn,Pro_Sprinting_411,Sprinting,Injury Prevention,https://linkedin.com/profile_411,2026-03-16 14:47:03.630904
RECON_1773661623_412,Instagram,Pro_Soccer_Coach_412,Soccer Coach,Injury Prevention,https://instagram.com/profile_412,2026-03-16 14:47:03.630924
RECON_1773661623_413,X,Pro_Sprinting_413,Sprinting,Fast Twitch,https://x.com/profile_413,2026-03-16 14:47:03.630942
RECON_1773661623_414,Instagram,Pro_Soccer_Coach_414,Soccer Coach,Fast Twitch,https://instagram.com/profile_414,2026-03-16 14:47:03.630960
RECON_1773661623_415,LinkedIn,Pro_Sprinting_415,Sprinting,Fast Twitch,https://linkedin.com/profile_415,2026-03-16 14:47:03.630985
RECON_1773661623_416,LinkedIn,Pro_Sprinting_416,Sprinting,Injury Prevention,https://linkedin.com/profile_416,2026-03-16 14:47:03.631005
RECON_1773661623_417,LinkedIn,Pro_Soccer_Coach_417,Soccer Coach,Fast Twitch,https://linkedin.com/profile_417,2026-03-16 14:47:03.631023
RECON_1773661623_418,Instagram,Pro_Sprinting_418,Sprinting,Acceleration,https://instagram.com/profile_418,2026-03-16 14:47:03.631042
RECON_1773661623_419,Instagram,Pro_Track_Athlete_419,Track Athlete,Fast Twitch,https://instagram.com/profile_419,2026-03-16 14:47:03.631060
RECON_1773661623_420,X,Pro_Sprinting_420,Sprinting,Fast Twitch,https://x.com/profile_420,2026-03-16 14:47:03.631079
RECON_1773661623_421,LinkedIn,Pro_Sprinting_421,Sprinting,Injury Prevention,https://linkedin.com/profile_421,2026-03-16 14:47:03.631102
RECON_1773661623_422,LinkedIn,Pro_Soccer_Coach_422,Soccer Coach,Acceleration,https://linkedin.com/profile_422,2026-03-16 14:47:03.631130
RECON_1773661623_423,X,Pro_Track_Athlete_423,Track Athlete,Fast Twitch,https://x.com/profile_423,2026-03-16 14:47:03.631150
RECON_1773661623_424,Instagram,Pro_Track_Athlete_424,Track Athlete,Fast Twitch,https://instagram.com/profile_424,2026-03-16 14:47:03.631169
RECON_1773661623_425,X,Pro_Track_Athlete_425,Track Athlete,Acceleration,https://x.com/profile_425,2026-03-16 14:47:03.631188
RECON_1773661623_426,Instagram,Pro_Soccer_Coach_426,Soccer Coach,Biomechanics,https://instagram.com/profile_426,2026-03-16 14:47:03.631206
RECON_1773661623_427,LinkedIn,Pro_Soccer_Coach_427,Soccer Coach,Acceleration,https://linkedin.com/profile_427,2026-03-16 14:47:03.631225
RECON_1773661623_428,Instagram,Pro_Sprinting_428,Sprinting,Acceleration,https://instagram.com/profile_428,2026-03-16 14:47:03.631248
RECON_1773661623_429,LinkedIn,Pro_Soccer_Coach_429,Soccer Coach,Biomechanics,https://linkedin.com/profile_429,2026-03-16 14:47:03.631267
RECON_1773661623_430,X,Pro_Sprinting_430,Sprinting,Biomechanics,https://x.com/profile_430,2026-03-16 14:47:03.631285
RECON_1773661623_431,X,Pro_Sprinting_431,Sprinting,Injury Prevention,https://x.com/profile_431,2026-03-16 14:47:03.631304
RECON_1773661623_432,X,Pro_Track_Athlete_432,Track Athlete,Injury Prevention,https://x.com/profile_432,2026-03-16 14:47:03.631323
RECON_1773661623_433,Instagram,Pro_Soccer_Coach_433,Soccer Coach,Acceleration,https://instagram.com/profile_433,2026-03-16 14:47:03.631341
RECON_1773661623_434,LinkedIn,Pro_Soccer_Coach_434,Soccer Coach,Injury Prevention,https://linkedin.com/profile_434,2026-03-16 14:47:03.631360
RECON_1773661623_435,LinkedIn,Pro_Sprinting_435,Sprinting,Fast Twitch,https://linkedin.com/profile_435,2026-03-16 14:47:03.631378
RECON_1773661623_436,Instagram,Pro_Soccer_Coach_436,Soccer Coach,Acceleration,https://instagram.com/profile_436,2026-03-16 14:47:03.631401
RECON_1773661623_437,LinkedIn,Pro_Sprinting_437,Sprinting,Fast Twitch,https://linkedin.com/profile_437,2026-03-16 14:47:03.631420
RECON_1773661623_438,Instagram,Pro_Track_Athlete_438,Track Athlete,Fast Twitch,https://instagram.com/profile_438,2026-03-16 14:47:03.631439
RECON_1773661623_439,X,Pro_Sprinting_439,Sprinting,Fast Twitch,https://x.com/profile_439,2026-03-16 14:47:03.631457
RECON_1773661623_440,LinkedIn,Pro_Track_Athlete_440,Track Athlete,Biomechanics,https://linkedin.com/profile_440,2026-03-16 14:47:03.631476
RECON_1773661623_441,Instagram,Pro_Sprinting_441,Sprinting,Injury Prevention,https://instagram.com/profile_441,2026-03-16 14:47:03.631499
RECON_1773661623_442,X,Pro_Track_Athlete_442,Track Athlete,Acceleration,https://x.com/profile_442,2026-03-16 14:47:03.631518
RECON_1773661623_443,Instagram,Pro_Soccer_Coach_443,Soccer Coach,Fast Twitch,https://instagram.com/profile_443,2026-03-16 14:47:03.631537
RECON_1773661623_444,LinkedIn,Pro_Sprinting_444,Sprinting,Fast Twitch,https://linkedin.com/profile_444,2026-03-16 14:47:03.631556
RECON_1773661623_445,LinkedIn,Pro_Soccer_Coach_445,Soccer Coach,Fast Twitch,https://linkedin.com/profile_445,2026-03-16 14:47:03.631575
RECON_1773661623_446,Instagram,Pro_Soccer_Coach_446,Soccer Coach,Fast Twitch,https://instagram.com/profile_446,2026-03-16 14:47:03.631594
RECON_1773661623_447,X,Pro_Sprinting_447,Sprinting,Fast Twitch,https://x.com/profile_447,2026-03-16 14:47:03.631611
RECON_1773661623_448,X,Pro_Soccer_Coach_448,Soccer Coach,Injury Prevention,https://x.com/profile_448,2026-03-16 14:47:03.631631
RECON_1773661623_449,Instagram,Pro_Track_Athlete_449,Track Athlete,Acceleration,https://instagram.com/profile_449,2026-03-16 14:47:03.631650
RECON_1773661623_450,Instagram,Pro_Track_Athlete_450,Track Athlete,Biomechanics,https://instagram.com/profile_450,2026-03-16 14:47:03.631671
RECON_1773661623_451,X,Pro_Track_Athlete_451,Track Athlete,Biomechanics,https://x.com/profile_451,2026-03-16 14:47:03.631697
RECON_1773661623_452,Instagram,Pro_Soccer_Coach_452,Soccer Coach,Fast Twitch,https://instagram.com/profile_452,2026-03-16 14:47:03.631718
RECON_1773661623_453,X,Pro_Track_Athlete_453,Track Athlete,Biomechanics,https://x.com/profile_453,2026-03-16 14:47:03.631850
RECON_1773661623_454,Instagram,Pro_Soccer_Coach_454,Soccer Coach,Acceleration,https://instagram.com/profile_454,2026-03-16 14:47:03.631884
RECON_1773661623_455,X,Pro_Track_Athlete_455,Track Athlete,Injury Prevention,https://x.com/profile_455,2026-03-16 14:47:03.631904
RECON_1773661623_456,Instagram,Pro_Sprinting_456,Sprinting,Biomechanics,https://instagram.com/profile_456,2026-03-16 14:47:03.631923
RECON_1773661623_457,LinkedIn,Pro_Soccer_Coach_457,Soccer Coach,Injury Prevention,https://linkedin.com/profile_457,2026-03-16 14:47:03.631945
RECON_1773661623_458,Instagram,Pro_Soccer_Coach_458,Soccer Coach,Injury Prevention,https://instagram.com/profile_458,2026-03-16 14:47:03.631964
RECON_1773661623_459,Instagram,Pro_Track_Athlete_459,Track Athlete,Acceleration,https://instagram.com/profile_459,2026-03-16 14:47:03.631983
RECON_1773661623_460,Instagram,Pro_Sprinting_460,Sprinting,Fast Twitch,https://instagram.com/profile_460,2026-03-16 14:47:03.632002
RECON_1773661623_461,X,Pro_Sprinting_461,Sprinting,Acceleration,https://x.com/profile_461,2026-03-16 14:47:03.632021
RECON_1773661623_462,X,Pro_Track_Athlete_462,Track Athlete,Biomechanics,https://x.com/profile_462,2026-03-16 14:47:03.632039
RECON_1773661623_463,Instagram,Pro_Sprinting_463,Sprinting,Acceleration,https://instagram.com/profile_463,2026-03-16 14:47:03.632057
RECON_1773661623_464,Instagram,Pro_Soccer_Coach_464,Soccer Coach,Fast Twitch,https://instagram.com/profile_464,2026-03-16 14:47:03.632076
RECON_1773661623_465,LinkedIn,Pro_Soccer_Coach_465,Soccer Coach,Injury Prevention,https://linkedin.com/profile_465,2026-03-16 14:47:03.632095
RECON_1773661623_466,Instagram,Pro_Sprinting_466,Sprinting,Acceleration,https://instagram.com/profile_466,2026-03-16 14:47:03.632114
RECON_1773661623_467,LinkedIn,Pro_Track_Athlete_467,Track Athlete,Biomechanics,https://linkedin.com/profile_467,2026-03-16 14:47:03.632141
RECON_1773661623_468,LinkedIn,Pro_Sprinting_468,Sprinting,Fast Twitch,https://linkedin.com/profile_468,2026-03-16 14:47:03.632160
RECON_1773661623_469,Instagram,Pro_Sprinting_469,Sprinting,Biomechanics,https://instagram.com/profile_469,2026-03-16 14:47:03.632178
RECON_1773661623_470,Instagram,Pro_Track_Athlete_470,Track Athlete,Injury Prevention,https://instagram.com/profile_470,2026-03-16 14:47:03.632198
RECON_1773661623_471,Instagram,Pro_Track_Athlete_471,Track Athlete,Biomechanics,https://instagram.com/profile_471,2026-03-16 14:47:03.632217
RECON_1773661623_472,Instagram,Pro_Soccer_Coach_472,Soccer Coach,Biomechanics,https://instagram.com/profile_472,2026-03-16 14:47:03.632235
RECON_1773661623_473,Instagram,Pro_Soccer_Coach_473,Soccer Coach,Biomechanics,https://instagram.com/profile_473,2026-03-16 14:47:03.632254
RECON_1773661623_474,LinkedIn,Pro_Soccer_Coach_474,Soccer Coach,Biomechanics,https://linkedin.com/profile_474,2026-03-16 14:47:03.632273
RECON_1773661623_475,Instagram,Pro_Sprinting_475,Sprinting,Injury Prevention,https://instagram.com/profile_475,2026-03-16 14:47:03.632291
RECON_1773661623_476,Instagram,Pro_Sprinting_476,Sprinting,Acceleration,https://instagram.com/profile_476,2026-03-16 14:47:03.632309
RECON_1773661623_477,LinkedIn,Pro_Soccer_Coach_477,Soccer Coach,Fast Twitch,https://linkedin.com/profile_477,2026-03-16 14:47:03.632328
RECON_1773661623_478,LinkedIn,Pro_Track_Athlete_478,Track Athlete,Fast Twitch,https://linkedin.com/profile_478,2026-03-16 14:47:03.632353
RECON_1773661623_479,Instagram,Pro_Sprinting_479,Sprinting,Fast Twitch,https://instagram.com/profile_479,2026-03-16 14:47:03.632374
RECON_1773661623_480,LinkedIn,Pro_Track_Athlete_480,Track Athlete,Biomechanics,https://linkedin.com/profile_480,2026-03-16 14:47:03.632398
RECON_1773661623_481,Instagram,Pro_Soccer_Coach_481,Soccer Coach,Biomechanics,https://instagram.com/profile_481,2026-03-16 14:47:03.632417
RECON_1773661623_482,LinkedIn,Pro_Track_Athlete_482,Track Athlete,Biomechanics,https://linkedin.com/profile_482,2026-03-16 14:47:03.632435
RECON_1773661623_483,Instagram,Pro_Soccer_Coach_483,Soccer Coach,Injury Prevention,https://instagram.com/profile_483,2026-03-16 14:47:03.632457
RECON_1773661623_484,LinkedIn,Pro_Sprinting_484,Sprinting,Injury Prevention,https://linkedin.com/profile_484,2026-03-16 14:47:03.632477
RECON_1773661623_485,Instagram,Pro_Sprinting_485,Sprinting,Injury Prevention,https://instagram.com/profile_485,2026-03-16 14:47:03.632501
RECON_1773661623_486,LinkedIn,Pro_Sprinting_486,Sprinting,Injury Prevention,https://linkedin.com/profile_486,2026-03-16 14:47:03.632521
RECON_1773661623_487,X,Pro_Track_Athlete_487,Track Athlete,Injury Prevention,https://x.com/profile_487,2026-03-16 14:47:03.632540
RECON_1773661623_488,X,Pro_Track_Athlete_488,Track Athlete,Injury Prevention,https://x.com/profile_488,2026-03-16 14:47:03.632558
RECON_1773661623_489,LinkedIn,Pro_Track_Athlete_489,Track Athlete,Fast Twitch,https://linkedin.com/profile_489,2026-03-16 14:47:03.632578
RECON_1773661623_490,LinkedIn,Pro_Track_Athlete_490,Track Athlete,Acceleration,https://linkedin.com/profile_490,2026-03-16 14:47:03.632596
RECON_1773661623_491,Instagram,Pro_Track_Athlete_491,Track Athlete,Injury Prevention,https://instagram.com/profile_491,2026-03-16 14:47:03.632615
RECON_1773661623_492,LinkedIn,Pro_Sprinting_492,Sprinting,Injury Prevention,https://linkedin.com/profile_492,2026-03-16 14:47:03.632634
RECON_1773661623_493,X,Pro_Sprinting_493,Sprinting,Biomechanics,https://x.com/profile_493,2026-03-16 14:47:03.632657
RECON_1773661623_494,Instagram,Pro_Sprinting_494,Sprinting,Biomechanics,https://instagram.com/profile_494,2026-03-16 14:47:03.632676
RECON_1773661623_495,Instagram,Pro_Track_Athlete_495,Track Athlete,Fast Twitch,https://instagram.com/profile_495,2026-03-16 14:47:03.632696
RECON_1773661623_496,X,Pro_Track_Athlete_496,Track Athlete,Injury Prevention,https://x.com/profile_496,2026-03-16 14:47:03.632716
RECON_1773661623_497,Instagram,Pro_Soccer_Coach_497,Soccer Coach,Biomechanics,https://instagram.com/profile_497,2026-03-16 14:47:03.632734
RECON_1773661623_498,LinkedIn,Pro_Soccer_Coach_498,Soccer Coach,Acceleration,https://linkedin.com/profile_498,2026-03-16 14:47:03.632752
RECON_1773661623_499,Instagram,Pro_Track_Athlete_499,Track Athlete,Fast Twitch,https://instagram.com/profile_499,2026-03-16 14:47:03.632780
